{
    "measurements": {
        "left_length":                    0.28841582,
        "left_width":                     0.1036511,
        "left_ankle_wrap":                0.22587523,
        "left_arch_height":               0.016644733,
        "left_back_arch_gap_90":          0.014305207,
        "left_ball_girth":                0.26015308,
        "left_forefoot_height":           0.031399824,
        "left_heel_to_ball":              0.19985166,
        "left_heel_width":                0.07016506,
        "left_height_80":                 0.031399824,
        "left_height_90":                 0.021093987,
        "left_instep_girth":              0.26858968,
        "left_instep_height":             0.072992787,
        "left_lateral_half_width":        0.061690006,
        "left_lateral_half_width_44":     0.051620781,
        "left_lateral_half_width_50":     0.056597441,
        "left_lateral_half_width_58":     0.059759393,
        "left_lateral_half_width_66":     0.06114066,
        "left_lateral_half_width_74":     0.060475416,
        "left_lateral_half_width_82":     0.051646348,
        "left_lateral_half_width_90":     0.039714124,
        "left_medial_half_width":         0.041961093,
        "left_medial_half_width_44":      0.036869515,
        "left_medial_half_width_50":      0.036643464,
        "left_medial_half_width_58":      0.037952624,
        "left_medial_half_width_66":      0.040759027,
        "left_medial_half_width_74":      0.041152708,
        "left_medial_half_width_82":      0.035811335,
        "left_medial_half_width_90":      0.031809695,
        "left_short_heel_girth":          0.36769965,
        "left_waist_girth":               0.26806492,
        "left_waist_lateral_half_width":  0.048417181,
        "right_length":                   0.285107,
        "right_width":                    0.10519716,
        "right_ankle_wrap":               0.22935471,
        "right_arch_height":              0.019126929,
        "right_back_arch_gap_90":         0.013598442,
        "right_ball_girth":               0.26150134,
        "right_forefoot_height":          0.031204931,
        "right_heel_to_ball":             0.20888236,
        "right_heel_width":               0.070793159,
        "right_height_80":                0.031204931,
        "right_height_90":                0.021171428,
        "right_instep_girth":             0.26052836,
        "right_instep_height":            0.071654692,
        "right_lateral_half_width":       0.062035237,
        "right_lateral_half_width_44":    0.051853836,
        "right_lateral_half_width_50":    0.056487676,
        "right_lateral_half_width_58":    0.060352825,
        "right_lateral_half_width_66":    0.061600611,
        "right_lateral_half_width_74":    0.058887955,
        "right_lateral_half_width_82":    0.046121333,
        "right_lateral_half_width_90":    0.03020723,
        "right_medial_half_width":        0.043161925,
        "right_medial_half_width_44":     0.033369936,
        "right_medial_half_width_50":     0.032981105,
        "right_medial_half_width_58":     0.03525335,
        "right_medial_half_width_66":     0.04107016,
        "right_medial_half_width_74":     0.04307643,
        "right_medial_half_width_82":     0.0409414,
        "right_medial_half_width_90":     0.041902687,
        "right_short_heel_girth":         0.36356509,
        "right_waist_girth":              0.26015028,
        "right_waist_lateral_half_width": 0.04920008,
        "left_bauer_fit":                 0.10556446,
        "right_bauer_fit":                0.10556446
    }
}
